<Module>
  <Name>YourCastleMod</Name>
  <Id>YourCastleMod</Id>
  <Version>1.0</Version>
  <SingleplayerModule>
    <SubModules>
      <SubModule>
        <Name>YourCastleMod</Name>
        <DllName>YourCastleMod.dll</DllName>
        <ReferencedAssemblies>
          <Assembly>Bannerlord.Missions.dll</Assembly>
          <Assembly>Bannerlord.dll</Assembly>
          <Assembly>System.dll</Assembly>
          <Assembly>System.Core.dll</Assembly>
        </ReferencedAssemblies>
      </SubModule>
    </SubModules>
  </SingleplayerModule>
</Module>